{"Title":"M: Razer Razer Huntsman Tournament Edition","ProviderName":"Core_Interception","DeviceHandle":"Mouse\\HID\\VID_1532&PID_0243&REV_0200&MI_02","DeviceNumber":0,"DeviceBindingMenu":[{"Title":"Buttons","IsBinding":false,"ChildrenNodes":[{"Title":"Left Mouse","IsBinding":true,"ChildrenNodes":null,"DeviceBindingInfo":{"KeyType":1,"KeyValue":0,"KeySubValue":0,"DeviceBindingCategory":1,"Blockable":true}},{"Title":"Right Mouse","IsBinding":true,"ChildrenNodes":null,"DeviceBindingInfo":{"KeyType":1,"KeyValue":1,"KeySubValue":0,"DeviceBindingCategory":1,"Blockable":true}},{"Title":"Middle Mouse","IsBinding":true,"ChildrenNodes":null,"DeviceBindingInfo":{"KeyType":1,"KeyValue":2,"KeySubValue":0,"DeviceBindingCategory":1,"Blockable":true}},{"Title":"Side Button 1","IsBinding":true,"ChildrenNodes":null,"DeviceBindingInfo":{"KeyType":1,"KeyValue":3,"KeySubValue":0,"DeviceBindingCategory":1,"Blockable":true}},{"Title":"Side Button 2","IsBinding":true,"ChildrenNodes":null,"DeviceBindingInfo":{"KeyType":1,"KeyValue":4,"KeySubValue":0,"DeviceBindingCategory":1,"Blockable":true}},{"Title":"Wheel Up","IsBinding":true,"ChildrenNodes":null,"DeviceBindingInfo":{"KeyType":1,"KeyValue":5,"KeySubValue":0,"DeviceBindingCategory":0,"Blockable":true}},{"Title":"Wheel Down","IsBinding":true,"ChildrenNodes":null,"DeviceBindingInfo":{"KeyType":1,"KeyValue":6,"KeySubValue":0,"DeviceBindingCategory":0,"Blockable":true}},{"Title":"Wheel Right","IsBinding":true,"ChildrenNodes":null,"DeviceBindingInfo":{"KeyType":1,"KeyValue":7,"KeySubValue":0,"DeviceBindingCategory":0,"Blockable":true}},{"Title":"Wheel Left","IsBinding":true,"ChildrenNodes":null,"DeviceBindingInfo":{"KeyType":1,"KeyValue":8,"KeySubValue":0,"DeviceBindingCategory":0,"Blockable":true}}],"DeviceBindingInfo":null},{"Title":"Axes","IsBinding":false,"ChildrenNodes":[{"Title":"X","IsBinding":true,"ChildrenNodes":null,"DeviceBindingInfo":{"KeyType":0,"KeyValue":0,"KeySubValue":0,"DeviceBindingCategory":3,"Blockable":true}},{"Title":"Y","IsBinding":true,"ChildrenNodes":null,"DeviceBindingInfo":{"KeyType":0,"KeyValue":1,"KeySubValue":0,"DeviceBindingCategory":3,"Blockable":true}}],"DeviceBindingInfo":null}],"Blockable":false}