{"Title":"K: Razer Razer Huntsman Tournament Edition","ProviderName":"Core_Interception","DeviceHandle":"Keyboard\\HID\\VID_1532&PID_0243&REV_0200&MI_00","DeviceNumber":0,"DeviceBindingMenu":[{"Title":"Keys","IsBinding":false,"ChildrenNodes":[{"Title":"\b","IsBinding":true,"ChildrenNodes":null,"DeviceBindingInfo":{"KeyType":1,"KeyValue":269,"KeySubValue":0,"DeviceBindingCategory":1,"Blockable":true}},{"Title":"\u001b","IsBinding":true,"ChildrenNodes":null,"DeviceBindingInfo":{"KeyType":1,"KeyValue":256,"KeySubValue":0,"DeviceBindingCategory":1,"Blockable":true}},{"Title":"'","IsBinding":true,"ChildrenNodes":null,"DeviceBindingInfo":{"KeyType":1,"KeyValue":39,"KeySubValue":0,"DeviceBindingCategory":1,"Blockable":true}},{"Title":"+","IsBinding":true,"ChildrenNodes":null,"DeviceBindingInfo":{"KeyType":1,"KeyValue":333,"KeySubValue":0,"DeviceBindingCategory":1,"Blockable":true}},{"Title":",","IsBinding":true,"ChildrenNodes":null,"DeviceBindingInfo":{"KeyType":1,"KeyValue":50,"KeySubValue":0,"DeviceBindingCategory":1,"Blockable":true}},{"Title":"-","IsBinding":true,"ChildrenNodes":null,"DeviceBindingInfo":{"KeyType":1,"KeyValue":329,"KeySubValue":0,"DeviceBindingCategory":1,"Blockable":true}},{"Title":"-","IsBinding":true,"ChildrenNodes":null,"DeviceBindingInfo":{"KeyType":1,"KeyValue":11,"KeySubValue":0,"DeviceBindingCategory":1,"Blockable":true}},{"Title":".","IsBinding":true,"ChildrenNodes":null,"DeviceBindingInfo":{"KeyType":1,"KeyValue":51,"KeySubValue":0,"DeviceBindingCategory":1,"Blockable":true}},{"Title":"/","IsBinding":true,"ChildrenNodes":null,"DeviceBindingInfo":{"KeyType":1,"KeyValue":52,"KeySubValue":0,"DeviceBindingCategory":1,"Blockable":true}},{"Title":"0","IsBinding":true,"ChildrenNodes":null,"DeviceBindingInfo":{"KeyType":1,"KeyValue":10,"KeySubValue":0,"DeviceBindingCategory":1,"Blockable":true}},{"Title":"1","IsBinding":true,"ChildrenNodes":null,"DeviceBindingInfo":{"KeyType":1,"KeyValue":1,"KeySubValue":0,"DeviceBindingCategory":1,"Blockable":true}},{"Title":"2","IsBinding":true,"ChildrenNodes":null,"DeviceBindingInfo":{"KeyType":1,"KeyValue":2,"KeySubValue":0,"DeviceBindingCategory":1,"Blockable":true}},{"Title":"3","IsBinding":true,"ChildrenNodes":null,"DeviceBindingInfo":{"KeyType":1,"KeyValue":3,"KeySubValue":0,"DeviceBindingCategory":1,"Blockable":true}},{"Title":"4","IsBinding":true,"ChildrenNodes":null,"DeviceBindingInfo":{"KeyType":1,"KeyValue":4,"KeySubValue":0,"DeviceBindingCategory":1,"Blockable":true}},{"Title":"5","IsBinding":true,"ChildrenNodes":null,"DeviceBindingInfo":{"KeyType":1,"KeyValue":5,"KeySubValue":0,"DeviceBindingCategory":1,"Blockable":true}},{"Title":"6","IsBinding":true,"ChildrenNodes":null,"DeviceBindingInfo":{"KeyType":1,"KeyValue":6,"KeySubValue":0,"DeviceBindingCategory":1,"Blockable":true}},{"Title":"7","IsBinding":true,"ChildrenNodes":null,"DeviceBindingInfo":{"KeyType":1,"KeyValue":7,"KeySubValue":0,"DeviceBindingCategory":1,"Blockable":true}},{"Title":"8","IsBinding":true,"ChildrenNodes":null,"DeviceBindingInfo":{"KeyType":1,"KeyValue":8,"KeySubValue":0,"DeviceBindingCategory":1,"Blockable":true}},{"Title":"9","IsBinding":true,"ChildrenNodes":null,"DeviceBindingInfo":{"KeyType":1,"KeyValue":9,"KeySubValue":0,"DeviceBindingCategory":1,"Blockable":true}},{"Title":";","IsBinding":true,"ChildrenNodes":null,"DeviceBindingInfo":{"KeyType":1,"KeyValue":38,"KeySubValue":0,"DeviceBindingCategory":1,"Blockable":true}},{"Title":"<00>","IsBinding":true,"ChildrenNodes":null,"DeviceBindingInfo":{"KeyType":1,"KeyValue":339,"KeySubValue":0,"DeviceBindingCategory":1,"Blockable":true}},{"Title":"=","IsBinding":true,"ChildrenNodes":null,"DeviceBindingInfo":{"KeyType":1,"KeyValue":12,"KeySubValue":0,"DeviceBindingCategory":1,"Blockable":true}},{"Title":"A","IsBinding":true,"ChildrenNodes":null,"DeviceBindingInfo":{"KeyType":1,"KeyValue":29,"KeySubValue":0,"DeviceBindingCategory":1,"Blockable":true}},{"Title":"Alt","IsBinding":true,"ChildrenNodes":null,"DeviceBindingInfo":{"KeyType":1,"KeyValue":55,"KeySubValue":0,"DeviceBindingCategory":1,"Blockable":true}},{"Title":"Application","IsBinding":true,"ChildrenNodes":null,"DeviceBindingInfo":{"KeyType":1,"KeyValue":348,"KeySubValue":0,"DeviceBindingCategory":1,"Blockable":true}},{"Title":"B","IsBinding":true,"ChildrenNodes":null,"DeviceBindingInfo":{"KeyType":1,"KeyValue":47,"KeySubValue":0,"DeviceBindingCategory":1,"Blockable":true}},{"Title":"Backspace","IsBinding":true,"ChildrenNodes":null,"DeviceBindingInfo":{"KeyType":1,"KeyValue":13,"KeySubValue":0,"DeviceBindingCategory":1,"Blockable":true}},{"Title":"Break","IsBinding":true,"ChildrenNodes":null,"DeviceBindingInfo":{"KeyType":1,"KeyValue":325,"KeySubValue":0,"DeviceBindingCategory":1,"Blockable":true}},{"Title":"C","IsBinding":true,"ChildrenNodes":null,"DeviceBindingInfo":{"KeyType":1,"KeyValue":45,"KeySubValue":0,"DeviceBindingCategory":1,"Blockable":true}},{"Title":"Caps Lock","IsBinding":true,"ChildrenNodes":null,"DeviceBindingInfo":{"KeyType":1,"KeyValue":57,"KeySubValue":0,"DeviceBindingCategory":1,"Blockable":true}},{"Title":"Ctrl","IsBinding":true,"ChildrenNodes":null,"DeviceBindingInfo":{"KeyType":1,"KeyValue":28,"KeySubValue":0,"DeviceBindingCategory":1,"Blockable":true}},{"Title":"D","IsBinding":true,"ChildrenNodes":null,"DeviceBindingInfo":{"KeyType":1,"KeyValue":31,"KeySubValue":0,"DeviceBindingCategory":1,"Blockable":true}},{"Title":"Delete","IsBinding":true,"ChildrenNodes":null,"DeviceBindingInfo":{"KeyType":1,"KeyValue":338,"KeySubValue":0,"DeviceBindingCategory":1,"Blockable":true}},{"Title":"Down","IsBinding":true,"ChildrenNodes":null,"DeviceBindingInfo":{"KeyType":1,"KeyValue":335,"KeySubValue":0,"DeviceBindingCategory":1,"Blockable":true}},{"Title":"E","IsBinding":true,"ChildrenNodes":null,"DeviceBindingInfo":{"KeyType":1,"KeyValue":17,"KeySubValue":0,"DeviceBindingCategory":1,"Blockable":true}},{"Title":"End","IsBinding":true,"ChildrenNodes":null,"DeviceBindingInfo":{"KeyType":1,"KeyValue":334,"KeySubValue":0,"DeviceBindingCategory":1,"Blockable":true}},{"Title":"Enter","IsBinding":true,"ChildrenNodes":null,"DeviceBindingInfo":{"KeyType":1,"KeyValue":27,"KeySubValue":0,"DeviceBindingCategory":1,"Blockable":true}},{"Title":"Esc","IsBinding":true,"ChildrenNodes":null,"DeviceBindingInfo":{"KeyType":1,"KeyValue":0,"KeySubValue":0,"DeviceBindingCategory":1,"Blockable":true}},{"Title":"F","IsBinding":true,"ChildrenNodes":null,"DeviceBindingInfo":{"KeyType":1,"KeyValue":32,"KeySubValue":0,"DeviceBindingCategory":1,"Blockable":true}},{"Title":"F1","IsBinding":true,"ChildrenNodes":null,"DeviceBindingInfo":{"KeyType":1,"KeyValue":58,"KeySubValue":0,"DeviceBindingCategory":1,"Blockable":true}},{"Title":"F10","IsBinding":true,"ChildrenNodes":null,"DeviceBindingInfo":{"KeyType":1,"KeyValue":67,"KeySubValue":0,"DeviceBindingCategory":1,"Blockable":true}},{"Title":"F11","IsBinding":true,"ChildrenNodes":null,"DeviceBindingInfo":{"KeyType":1,"KeyValue":86,"KeySubValue":0,"DeviceBindingCategory":1,"Blockable":true}},{"Title":"F12","IsBinding":true,"ChildrenNodes":null,"DeviceBindingInfo":{"KeyType":1,"KeyValue":87,"KeySubValue":0,"DeviceBindingCategory":1,"Blockable":true}},{"Title":"F13","IsBinding":true,"ChildrenNodes":null,"DeviceBindingInfo":{"KeyType":1,"KeyValue":123,"KeySubValue":0,"DeviceBindingCategory":1,"Blockable":true}},{"Title":"F13","IsBinding":true,"ChildrenNodes":null,"DeviceBindingInfo":{"KeyType":1,"KeyValue":99,"KeySubValue":0,"DeviceBindingCategory":1,"Blockable":true}},{"Title":"F14","IsBinding":true,"ChildrenNodes":null,"DeviceBindingInfo":{"KeyType":1,"KeyValue":124,"KeySubValue":0,"DeviceBindingCategory":1,"Blockable":true}},{"Title":"F14","IsBinding":true,"ChildrenNodes":null,"DeviceBindingInfo":{"KeyType":1,"KeyValue":100,"KeySubValue":0,"DeviceBindingCategory":1,"Blockable":true}},{"Title":"F15","IsBinding":true,"ChildrenNodes":null,"DeviceBindingInfo":{"KeyType":1,"KeyValue":101,"KeySubValue":0,"DeviceBindingCategory":1,"Blockable":true}},{"Title":"F15","IsBinding":true,"ChildrenNodes":null,"DeviceBindingInfo":{"KeyType":1,"KeyValue":125,"KeySubValue":0,"DeviceBindingCategory":1,"Blockable":true}},{"Title":"F16","IsBinding":true,"ChildrenNodes":null,"DeviceBindingInfo":{"KeyType":1,"KeyValue":126,"KeySubValue":0,"DeviceBindingCategory":1,"Blockable":true}},{"Title":"F16","IsBinding":true,"ChildrenNodes":null,"DeviceBindingInfo":{"KeyType":1,"KeyValue":102,"KeySubValue":0,"DeviceBindingCategory":1,"Blockable":true}},{"Title":"F17","IsBinding":true,"ChildrenNodes":null,"DeviceBindingInfo":{"KeyType":1,"KeyValue":127,"KeySubValue":0,"DeviceBindingCategory":1,"Blockable":true}},{"Title":"F17","IsBinding":true,"ChildrenNodes":null,"DeviceBindingInfo":{"KeyType":1,"KeyValue":103,"KeySubValue":0,"DeviceBindingCategory":1,"Blockable":true}},{"Title":"F18","IsBinding":true,"ChildrenNodes":null,"DeviceBindingInfo":{"KeyType":1,"KeyValue":128,"KeySubValue":0,"DeviceBindingCategory":1,"Blockable":true}},{"Title":"F18","IsBinding":true,"ChildrenNodes":null,"DeviceBindingInfo":{"KeyType":1,"KeyValue":104,"KeySubValue":0,"DeviceBindingCategory":1,"Blockable":true}},{"Title":"F19","IsBinding":true,"ChildrenNodes":null,"DeviceBindingInfo":{"KeyType":1,"KeyValue":105,"KeySubValue":0,"DeviceBindingCategory":1,"Blockable":true}},{"Title":"F19","IsBinding":true,"ChildrenNodes":null,"DeviceBindingInfo":{"KeyType":1,"KeyValue":129,"KeySubValue":0,"DeviceBindingCategory":1,"Blockable":true}},{"Title":"F2","IsBinding":true,"ChildrenNodes":null,"DeviceBindingInfo":{"KeyType":1,"KeyValue":59,"KeySubValue":0,"DeviceBindingCategory":1,"Blockable":true}},{"Title":"F20","IsBinding":true,"ChildrenNodes":null,"DeviceBindingInfo":{"KeyType":1,"KeyValue":130,"KeySubValue":0,"DeviceBindingCategory":1,"Blockable":true}},{"Title":"F20","IsBinding":true,"ChildrenNodes":null,"DeviceBindingInfo":{"KeyType":1,"KeyValue":106,"KeySubValue":0,"DeviceBindingCategory":1,"Blockable":true}},{"Title":"F21","IsBinding":true,"ChildrenNodes":null,"DeviceBindingInfo":{"KeyType":1,"KeyValue":107,"KeySubValue":0,"DeviceBindingCategory":1,"Blockable":true}},{"Title":"F21","IsBinding":true,"ChildrenNodes":null,"DeviceBindingInfo":{"KeyType":1,"KeyValue":131,"KeySubValue":0,"DeviceBindingCategory":1,"Blockable":true}},{"Title":"F22","IsBinding":true,"ChildrenNodes":null,"DeviceBindingInfo":{"KeyType":1,"KeyValue":108,"KeySubValue":0,"DeviceBindingCategory":1,"Blockable":true}},{"Title":"F22","IsBinding":true,"ChildrenNodes":null,"DeviceBindingInfo":{"KeyType":1,"KeyValue":132,"KeySubValue":0,"DeviceBindingCategory":1,"Blockable":true}},{"Title":"F23","IsBinding":true,"ChildrenNodes":null,"DeviceBindingInfo":{"KeyType":1,"KeyValue":133,"KeySubValue":0,"DeviceBindingCategory":1,"Blockable":true}},{"Title":"F23","IsBinding":true,"ChildrenNodes":null,"DeviceBindingInfo":{"KeyType":1,"KeyValue":109,"KeySubValue":0,"DeviceBindingCategory":1,"Blockable":true}},{"Title":"F24","IsBinding":true,"ChildrenNodes":null,"DeviceBindingInfo":{"KeyType":1,"KeyValue":110,"KeySubValue":0,"DeviceBindingCategory":1,"Blockable":true}},{"Title":"F24","IsBinding":true,"ChildrenNodes":null,"DeviceBindingInfo":{"KeyType":1,"KeyValue":134,"KeySubValue":0,"DeviceBindingCategory":1,"Blockable":true}},{"Title":"F3","IsBinding":true,"ChildrenNodes":null,"DeviceBindingInfo":{"KeyType":1,"KeyValue":60,"KeySubValue":0,"DeviceBindingCategory":1,"Blockable":true}},{"Title":"F4","IsBinding":true,"ChildrenNodes":null,"DeviceBindingInfo":{"KeyType":1,"KeyValue":61,"KeySubValue":0,"DeviceBindingCategory":1,"Blockable":true}},{"Title":"F5","IsBinding":true,"ChildrenNodes":null,"DeviceBindingInfo":{"KeyType":1,"KeyValue":62,"KeySubValue":0,"DeviceBindingCategory":1,"Blockable":true}},{"Title":"F6","IsBinding":true,"ChildrenNodes":null,"DeviceBindingInfo":{"KeyType":1,"KeyValue":63,"KeySubValue":0,"DeviceBindingCategory":1,"Blockable":true}},{"Title":"F7","IsBinding":true,"ChildrenNodes":null,"DeviceBindingInfo":{"KeyType":1,"KeyValue":64,"KeySubValue":0,"DeviceBindingCategory":1,"Blockable":true}},{"Title":"F8","IsBinding":true,"ChildrenNodes":null,"DeviceBindingInfo":{"KeyType":1,"KeyValue":65,"KeySubValue":0,"DeviceBindingCategory":1,"Blockable":true}},{"Title":"F9","IsBinding":true,"ChildrenNodes":null,"DeviceBindingInfo":{"KeyType":1,"KeyValue":66,"KeySubValue":0,"DeviceBindingCategory":1,"Blockable":true}},{"Title":"G","IsBinding":true,"ChildrenNodes":null,"DeviceBindingInfo":{"KeyType":1,"KeyValue":33,"KeySubValue":0,"DeviceBindingCategory":1,"Blockable":true}},{"Title":"H","IsBinding":true,"ChildrenNodes":null,"DeviceBindingInfo":{"KeyType":1,"KeyValue":34,"KeySubValue":0,"DeviceBindingCategory":1,"Blockable":true}},{"Title":"Help","IsBinding":true,"ChildrenNodes":null,"DeviceBindingInfo":{"KeyType":1,"KeyValue":341,"KeySubValue":0,"DeviceBindingCategory":1,"Blockable":true}},{"Title":"Home","IsBinding":true,"ChildrenNodes":null,"DeviceBindingInfo":{"KeyType":1,"KeyValue":326,"KeySubValue":0,"DeviceBindingCategory":1,"Blockable":true}},{"Title":"I","IsBinding":true,"ChildrenNodes":null,"DeviceBindingInfo":{"KeyType":1,"KeyValue":22,"KeySubValue":0,"DeviceBindingCategory":1,"Blockable":true}},{"Title":"Insert","IsBinding":true,"ChildrenNodes":null,"DeviceBindingInfo":{"KeyType":1,"KeyValue":337,"KeySubValue":0,"DeviceBindingCategory":1,"Blockable":true}},{"Title":"J","IsBinding":true,"ChildrenNodes":null,"DeviceBindingInfo":{"KeyType":1,"KeyValue":35,"KeySubValue":0,"DeviceBindingCategory":1,"Blockable":true}},{"Title":"K","IsBinding":true,"ChildrenNodes":null,"DeviceBindingInfo":{"KeyType":1,"KeyValue":36,"KeySubValue":0,"DeviceBindingCategory":1,"Blockable":true}},{"Title":"L","IsBinding":true,"ChildrenNodes":null,"DeviceBindingInfo":{"KeyType":1,"KeyValue":37,"KeySubValue":0,"DeviceBindingCategory":1,"Blockable":true}},{"Title":"Left","IsBinding":true,"ChildrenNodes":null,"DeviceBindingInfo":{"KeyType":1,"KeyValue":330,"KeySubValue":0,"DeviceBindingCategory":1,"Blockable":true}},{"Title":"Left Windows","IsBinding":true,"ChildrenNodes":null,"DeviceBindingInfo":{"KeyType":1,"KeyValue":346,"KeySubValue":0,"DeviceBindingCategory":1,"Blockable":true}},{"Title":"M","IsBinding":true,"ChildrenNodes":null,"DeviceBindingInfo":{"KeyType":1,"KeyValue":49,"KeySubValue":0,"DeviceBindingCategory":1,"Blockable":true}},{"Title":"N","IsBinding":true,"ChildrenNodes":null,"DeviceBindingInfo":{"KeyType":1,"KeyValue":48,"KeySubValue":0,"DeviceBindingCategory":1,"Blockable":true}},{"Title":"Num *","IsBinding":true,"ChildrenNodes":null,"DeviceBindingInfo":{"KeyType":1,"KeyValue":54,"KeySubValue":0,"DeviceBindingCategory":1,"Blockable":true}},{"Title":"Num +","IsBinding":true,"ChildrenNodes":null,"DeviceBindingInfo":{"KeyType":1,"KeyValue":77,"KeySubValue":0,"DeviceBindingCategory":1,"Blockable":true}},{"Title":"Num -","IsBinding":true,"ChildrenNodes":null,"DeviceBindingInfo":{"KeyType":1,"KeyValue":73,"KeySubValue":0,"DeviceBindingCategory":1,"Blockable":true}},{"Title":"Num /","IsBinding":true,"ChildrenNodes":null,"DeviceBindingInfo":{"KeyType":1,"KeyValue":308,"KeySubValue":0,"DeviceBindingCategory":1,"Blockable":true}},{"Title":"Num 0","IsBinding":true,"ChildrenNodes":null,"DeviceBindingInfo":{"KeyType":1,"KeyValue":81,"KeySubValue":0,"DeviceBindingCategory":1,"Blockable":true}},{"Title":"Num 1","IsBinding":true,"ChildrenNodes":null,"DeviceBindingInfo":{"KeyType":1,"KeyValue":78,"KeySubValue":0,"DeviceBindingCategory":1,"Blockable":true}},{"Title":"Num 2","IsBinding":true,"ChildrenNodes":null,"DeviceBindingInfo":{"KeyType":1,"KeyValue":79,"KeySubValue":0,"DeviceBindingCategory":1,"Blockable":true}},{"Title":"Num 3","IsBinding":true,"ChildrenNodes":null,"DeviceBindingInfo":{"KeyType":1,"KeyValue":80,"KeySubValue":0,"DeviceBindingCategory":1,"Blockable":true}},{"Title":"Num 4","IsBinding":true,"ChildrenNodes":null,"DeviceBindingInfo":{"KeyType":1,"KeyValue":74,"KeySubValue":0,"DeviceBindingCategory":1,"Blockable":true}},{"Title":"Num 5","IsBinding":true,"ChildrenNodes":null,"DeviceBindingInfo":{"KeyType":1,"KeyValue":75,"KeySubValue":0,"DeviceBindingCategory":1,"Blockable":true}},{"Title":"Num 6","IsBinding":true,"ChildrenNodes":null,"DeviceBindingInfo":{"KeyType":1,"KeyValue":76,"KeySubValue":0,"DeviceBindingCategory":1,"Blockable":true}},{"Title":"Num 7","IsBinding":true,"ChildrenNodes":null,"DeviceBindingInfo":{"KeyType":1,"KeyValue":70,"KeySubValue":0,"DeviceBindingCategory":1,"Blockable":true}},{"Title":"Num 8","IsBinding":true,"ChildrenNodes":null,"DeviceBindingInfo":{"KeyType":1,"KeyValue":71,"KeySubValue":0,"DeviceBindingCategory":1,"Blockable":true}},{"Title":"Num 9","IsBinding":true,"ChildrenNodes":null,"DeviceBindingInfo":{"KeyType":1,"KeyValue":72,"KeySubValue":0,"DeviceBindingCategory":1,"Blockable":true}},{"Title":"Num Del","IsBinding":true,"ChildrenNodes":null,"DeviceBindingInfo":{"KeyType":1,"KeyValue":82,"KeySubValue":0,"DeviceBindingCategory":1,"Blockable":true}},{"Title":"Num Enter","IsBinding":true,"ChildrenNodes":null,"DeviceBindingInfo":{"KeyType":1,"KeyValue":283,"KeySubValue":0,"DeviceBindingCategory":1,"Blockable":true}},{"Title":"Num Lock","IsBinding":true,"ChildrenNodes":null,"DeviceBindingInfo":{"KeyType":1,"KeyValue":324,"KeySubValue":0,"DeviceBindingCategory":1,"Blockable":true}},{"Title":"O","IsBinding":true,"ChildrenNodes":null,"DeviceBindingInfo":{"KeyType":1,"KeyValue":23,"KeySubValue":0,"DeviceBindingCategory":1,"Blockable":true}},{"Title":"P","IsBinding":true,"ChildrenNodes":null,"DeviceBindingInfo":{"KeyType":1,"KeyValue":24,"KeySubValue":0,"DeviceBindingCategory":1,"Blockable":true}},{"Title":"Page Down","IsBinding":true,"ChildrenNodes":null,"DeviceBindingInfo":{"KeyType":1,"KeyValue":336,"KeySubValue":0,"DeviceBindingCategory":1,"Blockable":true}},{"Title":"Page Up","IsBinding":true,"ChildrenNodes":null,"DeviceBindingInfo":{"KeyType":1,"KeyValue":328,"KeySubValue":0,"DeviceBindingCategory":1,"Blockable":true}},{"Title":"Pause","IsBinding":true,"ChildrenNodes":null,"DeviceBindingInfo":{"KeyType":1,"KeyValue":68,"KeySubValue":0,"DeviceBindingCategory":1,"Blockable":true}},{"Title":"Prnt Scrn","IsBinding":true,"ChildrenNodes":null,"DeviceBindingInfo":{"KeyType":1,"KeyValue":310,"KeySubValue":0,"DeviceBindingCategory":1,"Blockable":true}},{"Title":"Q","IsBinding":true,"ChildrenNodes":null,"DeviceBindingInfo":{"KeyType":1,"KeyValue":15,"KeySubValue":0,"DeviceBindingCategory":1,"Blockable":true}},{"Title":"R","IsBinding":true,"ChildrenNodes":null,"DeviceBindingInfo":{"KeyType":1,"KeyValue":18,"KeySubValue":0,"DeviceBindingCategory":1,"Blockable":true}},{"Title":"Right","IsBinding":true,"ChildrenNodes":null,"DeviceBindingInfo":{"KeyType":1,"KeyValue":332,"KeySubValue":0,"DeviceBindingCategory":1,"Blockable":true}},{"Title":"Right Alt","IsBinding":true,"ChildrenNodes":null,"DeviceBindingInfo":{"KeyType":1,"KeyValue":311,"KeySubValue":0,"DeviceBindingCategory":1,"Blockable":true}},{"Title":"Right Ctrl","IsBinding":true,"ChildrenNodes":null,"DeviceBindingInfo":{"KeyType":1,"KeyValue":284,"KeySubValue":0,"DeviceBindingCategory":1,"Blockable":true}},{"Title":"Right Shift","IsBinding":true,"ChildrenNodes":null,"DeviceBindingInfo":{"KeyType":1,"KeyValue":53,"KeySubValue":0,"DeviceBindingCategory":1,"Blockable":true}},{"Title":"Right Windows","IsBinding":true,"ChildrenNodes":null,"DeviceBindingInfo":{"KeyType":1,"KeyValue":347,"KeySubValue":0,"DeviceBindingCategory":1,"Blockable":true}},{"Title":"S","IsBinding":true,"ChildrenNodes":null,"DeviceBindingInfo":{"KeyType":1,"KeyValue":30,"KeySubValue":0,"DeviceBindingCategory":1,"Blockable":true}},{"Title":"Scroll Lock","IsBinding":true,"ChildrenNodes":null,"DeviceBindingInfo":{"KeyType":1,"KeyValue":69,"KeySubValue":0,"DeviceBindingCategory":1,"Blockable":true}},{"Title":"Shift","IsBinding":true,"ChildrenNodes":null,"DeviceBindingInfo":{"KeyType":1,"KeyValue":41,"KeySubValue":0,"DeviceBindingCategory":1,"Blockable":true}},{"Title":"Space","IsBinding":true,"ChildrenNodes":null,"DeviceBindingInfo":{"KeyType":1,"KeyValue":56,"KeySubValue":0,"DeviceBindingCategory":1,"Blockable":true}},{"Title":"Sys Req","IsBinding":true,"ChildrenNodes":null,"DeviceBindingInfo":{"KeyType":1,"KeyValue":83,"KeySubValue":0,"DeviceBindingCategory":1,"Blockable":true}},{"Title":"T","IsBinding":true,"ChildrenNodes":null,"DeviceBindingInfo":{"KeyType":1,"KeyValue":19,"KeySubValue":0,"DeviceBindingCategory":1,"Blockable":true}},{"Title":"Tab","IsBinding":true,"ChildrenNodes":null,"DeviceBindingInfo":{"KeyType":1,"KeyValue":14,"KeySubValue":0,"DeviceBindingCategory":1,"Blockable":true}},{"Title":"U","IsBinding":true,"ChildrenNodes":null,"DeviceBindingInfo":{"KeyType":1,"KeyValue":21,"KeySubValue":0,"DeviceBindingCategory":1,"Blockable":true}},{"Title":"Up","IsBinding":true,"ChildrenNodes":null,"DeviceBindingInfo":{"KeyType":1,"KeyValue":327,"KeySubValue":0,"DeviceBindingCategory":1,"Blockable":true}},{"Title":"V","IsBinding":true,"ChildrenNodes":null,"DeviceBindingInfo":{"KeyType":1,"KeyValue":46,"KeySubValue":0,"DeviceBindingCategory":1,"Blockable":true}},{"Title":"W","IsBinding":true,"ChildrenNodes":null,"DeviceBindingInfo":{"KeyType":1,"KeyValue":16,"KeySubValue":0,"DeviceBindingCategory":1,"Blockable":true}},{"Title":"X","IsBinding":true,"ChildrenNodes":null,"DeviceBindingInfo":{"KeyType":1,"KeyValue":44,"KeySubValue":0,"DeviceBindingCategory":1,"Blockable":true}},{"Title":"Y","IsBinding":true,"ChildrenNodes":null,"DeviceBindingInfo":{"KeyType":1,"KeyValue":20,"KeySubValue":0,"DeviceBindingCategory":1,"Blockable":true}},{"Title":"Z","IsBinding":true,"ChildrenNodes":null,"DeviceBindingInfo":{"KeyType":1,"KeyValue":43,"KeySubValue":0,"DeviceBindingCategory":1,"Blockable":true}},{"Title":"[","IsBinding":true,"ChildrenNodes":null,"DeviceBindingInfo":{"KeyType":1,"KeyValue":25,"KeySubValue":0,"DeviceBindingCategory":1,"Blockable":true}},{"Title":"\\","IsBinding":true,"ChildrenNodes":null,"DeviceBindingInfo":{"KeyType":1,"KeyValue":85,"KeySubValue":0,"DeviceBindingCategory":1,"Blockable":true}},{"Title":"\\","IsBinding":true,"ChildrenNodes":null,"DeviceBindingInfo":{"KeyType":1,"KeyValue":42,"KeySubValue":0,"DeviceBindingCategory":1,"Blockable":true}},{"Title":"]","IsBinding":true,"ChildrenNodes":null,"DeviceBindingInfo":{"KeyType":1,"KeyValue":26,"KeySubValue":0,"DeviceBindingCategory":1,"Blockable":true}},{"Title":"`","IsBinding":true,"ChildrenNodes":null,"DeviceBindingInfo":{"KeyType":1,"KeyValue":40,"KeySubValue":0,"DeviceBindingCategory":1,"Blockable":true}}],"DeviceBindingInfo":null}],"Blockable":false}