<?xml version="1.0" encoding="utf-8"?>
<Context xmlns:xsi="http://www.w3.org/2001/XMLSchema-instance" xmlns:xsd="http://www.w3.org/2001/XMLSchema">
  <Profiles>
    <Profile Title="gamer" Guid="43e03e2b-c564-491f-988a-d03b30efc15a">
      <ChildProfiles />
      <Mappings>
        <Mapping Title="WS">
          <DeviceBindings>
            <DeviceBinding IsBound="true" DeviceConfigurationGuid="58192d8e-296d-45ce-8c24-ff06445acd2c" KeyType="1" KeyValue="30" KeySubValue="0" Block="true" />
            <DeviceBinding IsBound="true" DeviceConfigurationGuid="58192d8e-296d-45ce-8c24-ff06445acd2c" KeyType="1" KeyValue="16" KeySubValue="0" Block="true" />
          </DeviceBindings>
          <Plugins>
            <Plugin xsi:type="ButtonsToAxis">
              <Outputs>
                <DeviceBinding IsBound="true" DeviceConfigurationGuid="ed8e8a67-f4ef-4879-bfb8-7c8eac885199" KeyType="0" KeyValue="1" KeySubValue="0" />
              </Outputs>
              <Filters />
              <Invert>true</Invert>
            </Plugin>
          </Plugins>
        </Mapping>
        <Mapping Title="AD">
          <DeviceBindings>
            <DeviceBinding IsBound="true" DeviceConfigurationGuid="58192d8e-296d-45ce-8c24-ff06445acd2c" KeyType="1" KeyValue="29" KeySubValue="0" Block="true" />
            <DeviceBinding IsBound="true" DeviceConfigurationGuid="58192d8e-296d-45ce-8c24-ff06445acd2c" KeyType="1" KeyValue="31" KeySubValue="0" Block="true" />
          </DeviceBindings>
          <Plugins>
            <Plugin xsi:type="ButtonsToAxis">
              <Outputs>
                <DeviceBinding IsBound="true" DeviceConfigurationGuid="ed8e8a67-f4ef-4879-bfb8-7c8eac885199" KeyType="0" KeyValue="0" KeySubValue="0" />
              </Outputs>
              <Filters />
              <Invert>true</Invert>
            </Plugin>
          </Plugins>
        </Mapping>
        <Mapping Title="mousey">
          <DeviceBindings>
            <DeviceBinding IsBound="true" DeviceConfigurationGuid="3fa22cb2-75a5-43e2-8500-36ec7ac50475" KeyType="0" KeyValue="1" KeySubValue="0" Block="true" />
            <DeviceBinding IsBound="false" DeviceConfigurationGuid="00000000-0000-0000-0000-000000000000" KeyType="0" KeyValue="0" KeySubValue="0" />
          </DeviceBindings>
          <Plugins>
            <Plugin xsi:type="DeltaToAxis">
              <Outputs>
                <DeviceBinding IsBound="true" DeviceConfigurationGuid="ed8e8a67-f4ef-4879-bfb8-7c8eac885199" KeyType="0" KeyValue="3" KeySubValue="0" />
              </Outputs>
              <Filters />
              <Deadzone>0</Deadzone>
              <Mode>Relative</Mode>
              <Sensitivity>100</Sensitivity>
              <AbsoluteTimeout>100</AbsoluteTimeout>
            </Plugin>
          </Plugins>
        </Mapping>
        <Mapping Title="mousex">
          <DeviceBindings>
            <DeviceBinding IsBound="true" DeviceConfigurationGuid="3fa22cb2-75a5-43e2-8500-36ec7ac50475" KeyType="0" KeyValue="0" KeySubValue="0" Block="true" />
            <DeviceBinding IsBound="false" DeviceConfigurationGuid="f73a1be8-aec3-488e-b60c-4d9723a9be36" KeyType="0" KeyValue="0" KeySubValue="0" />
          </DeviceBindings>
          <Plugins>
            <Plugin xsi:type="DeltaToAxis">
              <Outputs>
                <DeviceBinding IsBound="true" DeviceConfigurationGuid="ed8e8a67-f4ef-4879-bfb8-7c8eac885199" KeyType="0" KeyValue="2" KeySubValue="0" />
              </Outputs>
              <Filters />
              <Deadzone>0</Deadzone>
              <Mode>Relative</Mode>
              <Sensitivity>100</Sensitivity>
              <AbsoluteTimeout>100</AbsoluteTimeout>
            </Plugin>
          </Plugins>
        </Mapping>
      </Mappings>
      <InputDeviceConfigurations>
        <DeviceConfiguration Guid="f73a1be8-aec3-488e-b60c-4d9723a9be36">
          <Device Title="K: USB Gaming Mouse" ProviderName="Core_Interception" DeviceHandle="Keyboard\HID\VID_04D9&amp;PID_AD50&amp;REV_0100&amp;MI_01&amp;Col01" DeviceNumber="0" />
          <ShadowDevices />
        </DeviceConfiguration>
        <DeviceConfiguration Guid="d3f96264-b4d6-4ed8-84d5-08cd21312c16">
          <Device Title="K: Razer Razer Huntsman Tournament Edition" ProviderName="Core_Interception" DeviceHandle="Keyboard\HID\VID_1532&amp;PID_0243&amp;REV_0200&amp;MI_00" DeviceNumber="0" />
          <ShadowDevices />
        </DeviceConfiguration>
        <DeviceConfiguration Guid="58192d8e-296d-45ce-8c24-ff06445acd2c">
          <Device Title="K: Razer Razer Huntsman Tournament Edition" ProviderName="Core_Interception" DeviceHandle="Keyboard\HID\VID_1532&amp;PID_0243&amp;REV_0200&amp;MI_01&amp;Col01" DeviceNumber="0" />
          <ShadowDevices />
        </DeviceConfiguration>
        <DeviceConfiguration Guid="3fa22cb2-75a5-43e2-8500-36ec7ac50475">
          <Device Title="M: USB Gaming Mouse" ProviderName="Core_Interception" DeviceHandle="Mouse\HID\VID_04D9&amp;PID_AD50&amp;REV_0100&amp;MI_00" DeviceNumber="0" />
          <ShadowDevices />
        </DeviceConfiguration>
        <DeviceConfiguration Guid="acaff08d-decc-45d0-988d-e38f6f7163b4">
          <Device Title="M: USB Gaming Mouse" ProviderName="Core_Interception" DeviceHandle="Mouse\HID\VID_04D9&amp;PID_AD50&amp;REV_0100&amp;MI_01&amp;Col04" DeviceNumber="0" />
          <ShadowDevices />
        </DeviceConfiguration>
        <DeviceConfiguration Guid="361d264c-04d3-487c-b678-08031fe6f0c1">
          <Device Title="M: Razer Razer Huntsman Tournament Edition" ProviderName="Core_Interception" DeviceHandle="Mouse\HID\VID_1532&amp;PID_0243&amp;REV_0200&amp;MI_02" DeviceNumber="0" />
          <ShadowDevices />
        </DeviceConfiguration>
      </InputDeviceConfigurations>
      <OutputDeviceConfigurations>
        <DeviceConfiguration Guid="ed8e8a67-f4ef-4879-bfb8-7c8eac885199">
          <Device Title="ViGEm Xbox 360 Controller 1" ProviderName="Core_ViGEm" DeviceHandle="xb360" DeviceNumber="0" />
          <ShadowDevices />
        </DeviceConfiguration>
        <DeviceConfiguration Guid="f4248ec3-c091-4b37-aa37-cbfc87aec04f">
          <Device Title="ViGEm DS4 Controller 1" ProviderName="Core_ViGEm" DeviceHandle="ds4" DeviceNumber="0" />
          <ShadowDevices />
        </DeviceConfiguration>
        <DeviceConfiguration Guid="5a15dfb5-f1d1-4733-b43b-24d1bf35ed84">
          <Device Title="vJoy Stick 1" ProviderName="Core_vJoyInterfaceWrap" DeviceHandle="0" DeviceNumber="0" />
          <ShadowDevices />
        </DeviceConfiguration>
      </OutputDeviceConfigurations>
    </Profile>
  </Profiles>
</Context>