{"Title":"vJoy Device # 2","ProviderName":"SharpDX_DirectInput","DeviceHandle":"VID_1234&PID_BEAD","DeviceNumber":1,"DeviceBindingMenu":[{"Title":"Axes","IsBinding":false,"ChildrenNodes":[{"Title":"X","IsBinding":true,"ChildrenNodes":null,"DeviceBindingInfo":{"KeyType":0,"KeyValue":0,"KeySubValue":0,"DeviceBindingCategory":2,"Blockable":false}},{"Title":"Y","IsBinding":true,"ChildrenNodes":null,"DeviceBindingInfo":{"KeyType":0,"KeyValue":4,"KeySubValue":0,"DeviceBindingCategory":2,"Blockable":false}},{"Title":"Z","IsBinding":true,"ChildrenNodes":null,"DeviceBindingInfo":{"KeyType":0,"KeyValue":8,"KeySubValue":0,"DeviceBindingCategory":2,"Blockable":false}},{"Title":"RotationX","IsBinding":true,"ChildrenNodes":null,"DeviceBindingInfo":{"KeyType":0,"KeyValue":12,"KeySubValue":0,"DeviceBindingCategory":2,"Blockable":false}},{"Title":"RotationY","IsBinding":true,"ChildrenNodes":null,"DeviceBindingInfo":{"KeyType":0,"KeyValue":16,"KeySubValue":0,"DeviceBindingCategory":2,"Blockable":false}},{"Title":"RotationZ","IsBinding":true,"ChildrenNodes":null,"DeviceBindingInfo":{"KeyType":0,"KeyValue":20,"KeySubValue":0,"DeviceBindingCategory":2,"Blockable":false}},{"Title":"Sliders0","IsBinding":true,"ChildrenNodes":null,"DeviceBindingInfo":{"KeyType":0,"KeyValue":24,"KeySubValue":0,"DeviceBindingCategory":2,"Blockable":false}},{"Title":"Sliders1","IsBinding":true,"ChildrenNodes":null,"DeviceBindingInfo":{"KeyType":0,"KeyValue":28,"KeySubValue":0,"DeviceBindingCategory":2,"Blockable":false}}],"DeviceBindingInfo":null},{"Title":"Buttons","IsBinding":false,"ChildrenNodes":[{"Title":"1","IsBinding":true,"ChildrenNodes":null,"DeviceBindingInfo":{"KeyType":1,"KeyValue":48,"KeySubValue":0,"DeviceBindingCategory":1,"Blockable":false}},{"Title":"2","IsBinding":true,"ChildrenNodes":null,"DeviceBindingInfo":{"KeyType":1,"KeyValue":49,"KeySubValue":0,"DeviceBindingCategory":1,"Blockable":false}},{"Title":"3","IsBinding":true,"ChildrenNodes":null,"DeviceBindingInfo":{"KeyType":1,"KeyValue":50,"KeySubValue":0,"DeviceBindingCategory":1,"Blockable":false}},{"Title":"4","IsBinding":true,"ChildrenNodes":null,"DeviceBindingInfo":{"KeyType":1,"KeyValue":51,"KeySubValue":0,"DeviceBindingCategory":1,"Blockable":false}},{"Title":"5","IsBinding":true,"ChildrenNodes":null,"DeviceBindingInfo":{"KeyType":1,"KeyValue":52,"KeySubValue":0,"DeviceBindingCategory":1,"Blockable":false}},{"Title":"6","IsBinding":true,"ChildrenNodes":null,"DeviceBindingInfo":{"KeyType":1,"KeyValue":53,"KeySubValue":0,"DeviceBindingCategory":1,"Blockable":false}},{"Title":"7","IsBinding":true,"ChildrenNodes":null,"DeviceBindingInfo":{"KeyType":1,"KeyValue":54,"KeySubValue":0,"DeviceBindingCategory":1,"Blockable":false}},{"Title":"8","IsBinding":true,"ChildrenNodes":null,"DeviceBindingInfo":{"KeyType":1,"KeyValue":55,"KeySubValue":0,"DeviceBindingCategory":1,"Blockable":false}},{"Title":"9","IsBinding":true,"ChildrenNodes":null,"DeviceBindingInfo":{"KeyType":1,"KeyValue":56,"KeySubValue":0,"DeviceBindingCategory":1,"Blockable":false}},{"Title":"10","IsBinding":true,"ChildrenNodes":null,"DeviceBindingInfo":{"KeyType":1,"KeyValue":57,"KeySubValue":0,"DeviceBindingCategory":1,"Blockable":false}},{"Title":"11","IsBinding":true,"ChildrenNodes":null,"DeviceBindingInfo":{"KeyType":1,"KeyValue":58,"KeySubValue":0,"DeviceBindingCategory":1,"Blockable":false}},{"Title":"12","IsBinding":true,"ChildrenNodes":null,"DeviceBindingInfo":{"KeyType":1,"KeyValue":59,"KeySubValue":0,"DeviceBindingCategory":1,"Blockable":false}},{"Title":"13","IsBinding":true,"ChildrenNodes":null,"DeviceBindingInfo":{"KeyType":1,"KeyValue":60,"KeySubValue":0,"DeviceBindingCategory":1,"Blockable":false}},{"Title":"14","IsBinding":true,"ChildrenNodes":null,"DeviceBindingInfo":{"KeyType":1,"KeyValue":61,"KeySubValue":0,"DeviceBindingCategory":1,"Blockable":false}},{"Title":"15","IsBinding":true,"ChildrenNodes":null,"DeviceBindingInfo":{"KeyType":1,"KeyValue":62,"KeySubValue":0,"DeviceBindingCategory":1,"Blockable":false}},{"Title":"16","IsBinding":true,"ChildrenNodes":null,"DeviceBindingInfo":{"KeyType":1,"KeyValue":63,"KeySubValue":0,"DeviceBindingCategory":1,"Blockable":false}},{"Title":"17","IsBinding":true,"ChildrenNodes":null,"DeviceBindingInfo":{"KeyType":1,"KeyValue":64,"KeySubValue":0,"DeviceBindingCategory":1,"Blockable":false}},{"Title":"18","IsBinding":true,"ChildrenNodes":null,"DeviceBindingInfo":{"KeyType":1,"KeyValue":65,"KeySubValue":0,"DeviceBindingCategory":1,"Blockable":false}},{"Title":"19","IsBinding":true,"ChildrenNodes":null,"DeviceBindingInfo":{"KeyType":1,"KeyValue":66,"KeySubValue":0,"DeviceBindingCategory":1,"Blockable":false}},{"Title":"20","IsBinding":true,"ChildrenNodes":null,"DeviceBindingInfo":{"KeyType":1,"KeyValue":67,"KeySubValue":0,"DeviceBindingCategory":1,"Blockable":false}},{"Title":"21","IsBinding":true,"ChildrenNodes":null,"DeviceBindingInfo":{"KeyType":1,"KeyValue":68,"KeySubValue":0,"DeviceBindingCategory":1,"Blockable":false}},{"Title":"22","IsBinding":true,"ChildrenNodes":null,"DeviceBindingInfo":{"KeyType":1,"KeyValue":69,"KeySubValue":0,"DeviceBindingCategory":1,"Blockable":false}},{"Title":"23","IsBinding":true,"ChildrenNodes":null,"DeviceBindingInfo":{"KeyType":1,"KeyValue":70,"KeySubValue":0,"DeviceBindingCategory":1,"Blockable":false}},{"Title":"24","IsBinding":true,"ChildrenNodes":null,"DeviceBindingInfo":{"KeyType":1,"KeyValue":71,"KeySubValue":0,"DeviceBindingCategory":1,"Blockable":false}},{"Title":"25","IsBinding":true,"ChildrenNodes":null,"DeviceBindingInfo":{"KeyType":1,"KeyValue":72,"KeySubValue":0,"DeviceBindingCategory":1,"Blockable":false}},{"Title":"26","IsBinding":true,"ChildrenNodes":null,"DeviceBindingInfo":{"KeyType":1,"KeyValue":73,"KeySubValue":0,"DeviceBindingCategory":1,"Blockable":false}},{"Title":"27","IsBinding":true,"ChildrenNodes":null,"DeviceBindingInfo":{"KeyType":1,"KeyValue":74,"KeySubValue":0,"DeviceBindingCategory":1,"Blockable":false}},{"Title":"28","IsBinding":true,"ChildrenNodes":null,"DeviceBindingInfo":{"KeyType":1,"KeyValue":75,"KeySubValue":0,"DeviceBindingCategory":1,"Blockable":false}},{"Title":"29","IsBinding":true,"ChildrenNodes":null,"DeviceBindingInfo":{"KeyType":1,"KeyValue":76,"KeySubValue":0,"DeviceBindingCategory":1,"Blockable":false}},{"Title":"30","IsBinding":true,"ChildrenNodes":null,"DeviceBindingInfo":{"KeyType":1,"KeyValue":77,"KeySubValue":0,"DeviceBindingCategory":1,"Blockable":false}},{"Title":"31","IsBinding":true,"ChildrenNodes":null,"DeviceBindingInfo":{"KeyType":1,"KeyValue":78,"KeySubValue":0,"DeviceBindingCategory":1,"Blockable":false}},{"Title":"32","IsBinding":true,"ChildrenNodes":null,"DeviceBindingInfo":{"KeyType":1,"KeyValue":79,"KeySubValue":0,"DeviceBindingCategory":1,"Blockable":false}}],"DeviceBindingInfo":null}],"Blockable":false}